{
  "videoMeta": {
    "dossierId": "creation-day1-v2",
    "creationTimestamp": "2025-09-28T08:00:00Z",
    "theme": "天地創造の第一日目",
    "thumbnailText": "第一日目：光の勅令",
    "bannerText": "創世記 1:1–5",
    "meta": {},
    "contract": {
      "structure": {
        "requireOpeningEffect": true,
        "requireTransitionT": true,
        "requireClosingEffect": true
      },
      "versionThemeMap": { "A": "dark", "B": "dark", "T": "dark" }
    },
    "advancePolicy": { "quietMs": 300, "postDelayMs": 250 }
  },
  "tts": { "filter": { "jaOnly": true } },
  "scenes": [
    { "page": "1", "type": "placeholder", "title": "Tap to Start" },
    { "page": "2", "type": "effect", "effectRole": "opening", "effect": "light-in", "base": "#000000", "effectDuration": 1400 },

    { "page": "3", "type": "content", "version": "A",
      "sectionTags": ["#Genesis", "#Creation", "#Beginning"],
      "title_key": "【序章-1】", "title": "概念の聖別：光の原初勅令", "symbol": "🌌🧐✍️", "base": "#0b0b13",
      "narr": "それは「始まり」ではない。あらゆる始まりを可能にするための、神による「原初勅令」である。\nテーマは、単なる物理現象としての光の誕生から、主権的命令による秩序の創始へと聖別される。"
    },
    { "page": "4", "type": "content", "version": "T",
      "sectionTags": ["#ParadigmShift", "#Worldview", "#Purpose"],
      "title_key": "【序章-2】", "title": "旧世界の解体：無響室の宇宙", "symbol": "🔇🤔✋", "base": "#0c0c15",
      "narr": "偶然から始まったとされる宇宙観は、永遠に意味の響かない「無響室」に等しい。\nそこでは出来事に原因はあっても目的はない。その沈黙の教義を、創造主の第一声が打ち破る。"
    },

    { "page": "5", "type": "effect", "effectRole": "transition", "effect": "fade-in", "base": "#0a0a10", "effectDuration": 900 },

    { "page": "6", "type": "content", "version": "A",
      "sectionTags": ["#Sovereignty", "#ExNihilo", "#Truth"],
      "title_key": "【新世界-1】", "title": "第一原則：神の絶対的主導権", "symbol": "👑😌☝️", "base": "#0e0d18",
      "narr": "「はじめに神が」。\n宇宙は自律的に始まったのではない。全てに先立つ人格、すなわち神の、意図的な決断によって開始された。彼は最初の“ドミノ”ではなく、盤上の設計者である。"
    },
    { "page": "7", "type": "content", "version": "A",
      "sectionTags": ["#Logos", "#WordOfGod", "#Power"],
      "title_key": "【新世界-2】", "title": "第二原則：言葉という創造の法則", "symbol": "🗣️😇🙏", "base": "#100f1c",
      "narr": "「光あれ」。\n神の言葉は記述ではない。現実を定義し、存在を呼び出す、宇宙の根本法則そのものである。御言葉は、エネルギーや物質に先行する、第一の実体である。"
    },
    { "page": "8", "type": "content", "version": "A",
      "sectionTags": ["#Order", "#Separation", "#Holiness"],
      "title_key": "【新世界-3】", "title": "第三原則：分別という秩序の礎", "symbol": "🌗🧐✍️", "base": "#121120",
      "narr": "神は光と闇を分けられた。\n創造の初動は、混沌からの「聖別」である。善と悪、聖と俗、秩序と無秩序。全ての意味ある区別は、この原初の一刀から始まる。"
    },

    { "page": "9", "type": "effect", "effectRole": "transition", "effect": "slide-up", "base": "#0a0a10", "effectDuration": 900 },

    { "page": "10", "type": "content", "version": "T",
      "sectionTags": ["#Metaphor", "#Immersion", "#Art"],
      "title_key": "【没入-1】", "title": "メタファー：神の現像室", "symbol": "📸😑✋", "base": "#151325",
      "narr": "世界は神の「現像室」だ。\n最初は完全な暗闇。神はまず、作業を可能にするための赤いセーフライトを灯す。それが第一日の光。全てを白日の下に晒す光ではなく、これから始まる聖なる御業のための、分別された光である。"
    },
    { "page": "11", "type": "content", "version": "T",
      "sectionTags": ["#Revelation", "#Process", "#Hope"],
      "title_key": "【没入-2】", "title": "光の役割", "symbol": "💡😌☝️", "base": "#181529",
      "narr": "この光は、混沌を即座に消滅させるのではない。\n闇の領域の存在を認めつつ、神の働きが進行する聖域を確保する。それは、歴史の中で悪の存在を許しながら、救済の御業を推し進める神の姿を映し出す。"
    },

    { "page": "12", "type": "effect", "effectRole": "transition", "effect": "zoom-in", "base": "#0a0a10", "effectDuration": 900 },

    { "page": "13", "type": "content", "version": "T",
      "sectionTags": ["#Transformation", "#Practice", "#Identity"],
      "title_key": "【行動-1】", "title": "行動変容の要求：汝の黎明を宣言せよ", "symbol": "🌅😮🙌", "base": "#1b182e",
      "narr": "あなたの内なる世界もまた、しばしば混沌とし、闇の中にある。\n一日を始める前に、まず神の言葉を、あなた自身の闇に向かって宣言せよ。「光あれ」と。それが、あなたの世界に神の秩序を招き入れる行為となる。"
    },
    { "page": "14", "type": "content", "version": "T",
      "sectionTags": ["#SpiritualDiscipline", "#DailyLife", "#Obedience"],
      "title_key": "【行動-2】", "title": "言葉の主権を取り戻す", "symbol": "📖🧐✍️", "base": "#1e1a33",
      "narr": "世のニュースやSNSのノイズにあなたの一日を定義させるな。\n神の言葉を第一声とすることで、あなたは被造物としての本来の立場を思い出す。あなたは、神の言葉によって形作られるべき存在である。"
    },

    { "page": "15", "type": "effect", "effectRole": "transition", "effect": "fade-in", "base": "#0a0a10", "effectDuration": 900 },

    { "page": "16", "type": "content", "version": "A",
      "sectionTags": ["#Summary", "#Pattern", "#Gospel"],
      "title_key": "【結論-1】", "title": "万象の原型", "symbol": "✨😇🙏", "base": "#211d38",
      "narr": "第一日は、単なる宇宙の起源譚ではない。\nそれは混沌から秩序へ、闇から光へ、無意味から意味へと至る、神の全ての御業の原型（プロトタイプ）である。あなたの救いもまた、このパターンに則っている。"
    },
    { "page": "17", "type": "content", "version": "T",
      "sectionTags": ["#Yeshua", "#NewCreation", "#Fulfillment"],
      "title_key": "【結論-2】", "title": "究極の光、イェシュア", "symbol": "✝️😌☝️", "base": "#24203d",
      "narr": "そして、究極の「光あれ」は、主イェシュアの受肉において成就した。\n「闇の中に歩んでいた民は、大きな光を見た」。彼は、混沌とした人の心に神の秩序を打ち立てる、まことの光である。"
    },

    { "page": "18", "type": "effect", "effectRole": "closing", "effect": "flame-out", "base": "#050508", "effectDuration": 1200 }
  ]
}