{
  "$schema": "./schema.json",
  "//": "Day 3 — Dry land emerges; vegetation sprouts. Page-1 placeholder; Page-3 Scripture (short excerpt); Page-4 Prologue (inventive title_key). Pure-effect for opening/transition/closing. A=Scripture/Prologue/Trivia, B=holy_of_holies & anti-Hellenism.",
  "__contract__": "schema v3.2; pure-effect-pages; scripturePrologueIntro=true; sacred rhythm (>=1 newline; long text suggests \\n\\n)",

  "videoMeta": {
    "dossierId": "genesis-day3-land-001",
    "creationTimestamp": "2025-08-30T21:50:00+09:00",
    "theme": "天地創造の第三日目",
    "triviaTitle": "第三日—陸と海、芽ぐむいのち",
    "thumbnailText": "【第三日】陸と草木",
    "bannerText": "水は一処に、地は現れる",
    "meta": { "tts": { "filter": { "jaOnly": true } } },
    "ui": { "a11y": { "prefersReducedMotion": false } },
    "contract": {
      "structure": {
        "requireOpeningEffect": true,
        "requireTransitionT": true,
        "requireClosingEffect": true,
        "minA": 2,
        "minB": 2,
        "scripturePrologueIntro": true
      },
      "versionThemeMap": { "A": "light", "B": "dark", "T": "dark" }
    }
  },

  "scenes": [
    { "page": "1", "type": "placeholder", "sectionTag": "#Play", "title": "Play" },

    { "page": "2", "type": "effect", "sectionTag": "#Opening", "effectRole": "opening", "uiVersion": "T", "effect": "fade-in", "base": "#0b132b", "durationMs": 1600 },

    {
      "page": "3",
      "type": "content",
      "version": "A",
      "sectionTag": "#Scripture",
      "title_key": "【創世記1:9–10 抄】",
      "title": "水は集まり、地は現れよ",
      "symbol": "📜",
      "base": "#dbeafe",
      "effect": "light-in",
      "narr": "「天の下の水は一所に集まれ。乾いた地が現れよ。」\n乾いた地を『地』、水の集まりを『海』と名づけられた。"
    },

    {
      "page": "4",
      "type": "content",
      "version": "A",
      "sectionTag": "#Prologue",
      "title_key": "【整地と萌芽】",
      "title": "場が整うと、芽が上がる",
      "symbol": "🌱",
      "base": "#fef3c7",
      "effect": "slide-up",
      "narr": "分かたれることは、乏しさではない。\n秩序づけられた場に、いのちの通路が開く。"
    },

    {
      "page": "5",
      "type": "content",
      "version": "A",
      "sectionTag": "#Trivia1",
      "title_key": "【語根】",
      "title": "קָוָה：集める／希う",
      "symbol": "ℹ️",
      "base": "#e0f2fe",
      "effect": "zoom-in",
      "narr": "「集まる（קָוָה）」は『希う』にも通う。\n海が寄り合うとき、希望が地を露わにする。"
    },

    { "page": "6", "type": "effect", "sectionTag": "#Transition", "effectRole": "transition", "uiVersion": "T", "effect": "veil-sweep", "base": "#0f172a", "durationMs": 1400 },

    {
      "page": "7",
      "type": "content",
      "version": "B",
      "sectionTag": "#Sanctum",
      "title_key": "【聖別】",
      "title": "取り分が祝福の回路を開く",
      "symbol": "🕯️",
      "base": "#0a3a5a",
      "effect": "fade-in",
      "narr": "境界は剥奪ではない。\n**創造主**に帰す取り分を定める知恵であり、祝福の流路である。",
      "sanctum": "holy_of_holies",
      "polemicAxis": "Hellenism_vs_Hebraism",
      "doctrineTags": ["HolyOfHolies", "CovenantCentered"]
    },

    {
      "page": "8",
      "type": "content",
      "version": "B",
      "sectionTag": "#AntiHellenism",
      "title_key": "【反駁】",
      "title": "効用偏重を越えて、在ることの善",
      "symbol": "⚖️",
      "base": "#083344",
      "effect": "zoom-in",
      "narr": "善は役立ちの報酬にあらず。\n第三日の秩序は、存在それ自体の善を証する。",
      "sanctum": "holy_of_holies",
      "polemicAxis": "Hellenism_vs_Hebraism",
      "doctrineTags": ["DepartureFromHellenism", "SpiritLedTransformation"]
    },

    { "page": "9", "type": "effect", "sectionTag": "#Closing", "effectRole": "closing", "uiVersion": "B", "effect": "fade-to-black", "base": "#020617", "durationMs": 1800 }
  ]
}